{"cameraMode":{"drawMode":0,"name":"Shaded","section":"Shading Mode"},"sceneLighting":true,"audioPlay":false,"sceneViewState":{"m_AlwaysRefresh":false,"showFog":true,"showSkybox":false,"showFlares":true,"showImageEffects":true,"showParticleSystems":true,"showVisualEffectGraphs":true,"m_FxEnabled":true},"in2DMode":false,"pivot":{"x":0.6242502331733704,"y":1.469052791595459,"z":-0.7670694589614868},"rotation":{"x":-0.031148845329880716,"y":-0.9606700539588928,"z":0.12052756547927857,"w":-0.24826174974441529},"size":1.7977375984191895,"orthographic":false}